,name,id,firstAuthor,numOfCoAuthors,title,subtitle,normalizedGenre,yearNormalized,size,libretto,averageClustering,density,averagePathLength,maxDegreeIds,averageDegree,diameter,yearPremiered,yearPrinted,maxDegree,numOfSpeakers,numOfSpeakersFemale,numOfSpeakersMale,numOfSpeakersUnknown,numPersonGroups,numConnectedComponents,yearWritten,numOfSegments,wikipediaLinkCount,numOfActs,wordCountText,wordCountSp,wordCountStage,numOfP,numOfL
48,carmignani-polissena,ita000049,Carmignani,0,Polissena,,,1789,6,False,0.8388888888888889,0.7333333333333333,1.2666666666666666,arsindo|polissena,3.6666666666666665,2,,1789.0,5,6,2,4,0,,1,,30,0.0,5,17070,14566,1401,0,2179
62,epicuro-la-cecaria,ita000063,Epicuro,0,La Cecaria,,,1525,6,False,0.9,0.8666666666666667,1.1333333333333333,terzo|vecchio|geloso,4.333333333333333,2,,1525.0,5,6,1,5,0,,1,,6,0.0,2,11814,11663,200,0,1647
65,foscolo-ajace,ita000066,Foscolo,0,Ajace,,,1811,8,False,0.6958333333333333,0.6428571428571429,1.4642857142857142,aiace|agamennone,4.5,3,1811,1828.0,6,8,1,7,0,,1,1810/1811,36,0.0,5,14452,14151,258,0,2066
96,manzoni-adelchi,ita000097,Manzoni,0,Adelchi,,,1822,36,False,0.8190477006653478,0.1761904761904762,2.425396825396825,adelchi,6.166666666666667,4,1843,1822.0,17,36,5,31,0,,1,1820/1821,39,0.0,5,16899,15606,493,0,2360
98,marchese-il-crispo,ita000099,Marchese,0,Il Crispo,,,1715,9,False,0.6111111111111112,0.5,1.3571428571428572,costantino,4.0,2,,1715.0,6,9,2,6,1,,2,,44,0.0,5,17597,17283,106,0,2333
108,metastasio-ezio,ita000109,Metastasio,0,Ezio,,,1728,7,False,1.0,1.0,1.0,several characters,6.0,1,1728,,6,7,2,4,1,,1,,44,0.0,3,11857,11258,605,0,1988
121,monti-caio-gracco,ita000122,Monti,0,Caio Gracco,,,1802,14,False,0.8460111317254173,0.6483516483516484,1.3736263736263736,caio,8.428571428571429,3,1802,,12,14,2,11,1,,1,1788/1800,35,0.0,5,15292,14925,429,0,2394
126,salfi-pausania,ita000127,Salfi,0,Pausania,,,1800,6,False,0.8222222222222221,0.7333333333333333,1.2666666666666666,pausania,3.6666666666666665,2,,1800.0,5,6,2,4,0,,1,,29,0.0,5,16750,12266,129,2,1813
