,name,id,firstAuthor,numOfCoAuthors,title,subtitle,normalizedGenre,yearNormalized,size,libretto,averageClustering,density,averagePathLength,maxDegreeIds,averageDegree,diameter,yearPremiered,yearPrinted,maxDegree,numOfSpeakers,numOfSpeakersFemale,numOfSpeakersMale,numOfSpeakersUnknown,numPersonGroups,numConnectedComponents,yearWritten,numOfSegments,wikipediaLinkCount,numOfActs,wordCountText,wordCountSp,wordCountStage,numOfP,numOfL
61,dolce-marianna,ita000062,Dolce,0,Marianna,,,1565,15,False,0.7168294668294668,0.3333333333333333,1.6857142857142855,erode,4.666666666666667,3,,1565.0,13,17,5,11,1,,1,,23,0.0,5,23356,21966,66,0,3092
70,giraldi-cinzio-cleopatra,ita000071,Giraldi,0,Cleopatra,,,1542,18,False,0.5783148949815616,0.3594771241830065,1.6397058823529411,coro,6.111111111111111,3,,1583.0,12,18,4,14,0,,2,1542,35,0.0,5,22367,21247,16,0,3052
72,giraldi-cinzio-egle-ms-classe-i-331,ita000073,Giraldi,0,"Egle, ms. Classe I 331",,,1545,17,False,0.8735697309226722,0.4779411764705882,1.5220588235294117,egle,7.647058823529412,2,,,16,17,8,9,0,,1,1543/1545,22,,5,19970,19582,75,0,2818
75,giraldi-cinzio-orbecche,ita000076,Giraldi,0,Orbecche,,,1541,15,False,0.5813756613756613,0.2761904761904762,1.5178571428571428,sulmone,3.8666666666666663,3,1541,1543.0,9,15,7,6,2,,4,1541,21,0.0,5,24851,23806,61,0,3290
135,tasso-re-torrismondo,ita000136,Tasso,0,Re Torrismondo,,,1587,13,False,0.7917582417582417,0.3717948717948718,1.7307692307692308,torrismondo,4.461538461538462,3,1618,1587.0,9,13,5,7,1,,1,,34,0.0,5,25478,24763,68,0,3404
