,name,id,firstAuthor,numOfCoAuthors,title,subtitle,normalizedGenre,yearNormalized,size,libretto,averageClustering,density,averagePathLength,maxDegreeIds,averageDegree,diameter,yearPremiered,yearPrinted,maxDegree,numOfSpeakers,numOfSpeakersFemale,numOfSpeakersMale,numOfSpeakersUnknown,numPersonGroups,numConnectedComponents,yearWritten,numOfSegments,wikipediaLinkCount,numOfActs,wordCountText,wordCountSp,wordCountStage,numOfP,numOfL
60,della-valle-la-reina-di-scozia,ita000061,Valle,0,La reina di Scozia,,,1591,11,False,0.8483405483405484,0.5454545454545454,1.4545454545454546,coro,5.454545454545454,2,,1628.0,10,12,3,8,1,,1,1591,14,0.0,5,15723,15585,65,0,2556
65,foscolo-ajace,ita000066,Foscolo,0,Ajace,,,1811,8,False,0.6958333333333333,0.6428571428571429,1.4642857142857142,aiace|agamennone,4.5,3,1811,1828.0,6,8,1,7,0,,1,1810/1811,36,0.0,5,14452,14151,258,0,2066
95,maffei-merope,ita000096,Maffei,0,Merope,,,1713,7,False,0.8857142857142858,0.8095238095238095,1.1904761904761905,egisto|merope|ismene,4.857142857142857,2,1713,1714.0,6,7,2,5,0,,1,1713,31,0.0,5,15482,15301,127,0,2188
97,manzoni-il-conte-di-carmagnola,ita000098,Manzoni,0,Il conte di Carmagnola,,,1820,20,False,0.8226923076923077,0.2,2.1403508771929824,il_conte,3.8,4,1828,1820.0,13,20,2,17,1,,2,1816/1819,24,0.0,6,15547,15191,294,2,2192
121,monti-caio-gracco,ita000122,Monti,0,Caio Gracco,,,1802,14,False,0.8460111317254173,0.6483516483516484,1.3736263736263736,caio,8.428571428571429,3,1802,,12,14,2,11,1,,1,1788/1800,35,0.0,5,15292,14925,429,0,2394
126,salfi-pausania,ita000127,Salfi,0,Pausania,,,1800,6,False,0.8222222222222221,0.7333333333333333,1.2666666666666666,pausania,3.6666666666666665,2,,1800.0,5,6,2,4,0,,1,,29,0.0,5,16750,12266,129,2,1813
137,trissino-sofonisba,ita000138,Trissino,0,Sofonisba,,,1524,11,False,0.6535353535353535,0.4181818181818181,1.5818181818181818,coro,4.181818181818182,2,1554,1524.0,10,11,4,7,0,,1,1514/1515,15,0.0,5,14582,14453,61,0,2102
