,name,id,firstAuthor,numOfCoAuthors,title,subtitle,normalizedGenre,yearNormalized,size,libretto,averageClustering,density,averagePathLength,maxDegreeIds,averageDegree,diameter,yearPremiered,yearPrinted,maxDegree,numOfSpeakers,numOfSpeakersFemale,numOfSpeakersMale,numOfSpeakersUnknown,numPersonGroups,numConnectedComponents,yearWritten,numOfSegments,wikipediaLinkCount,numOfActs,wordCountText,wordCountSp,wordCountStage,numOfP,numOfL
20,anonimo-cleopatra-e-marc-antonio,ita000021,(Anonimo),0,Cleopatra e Marc'Antonio Tragedia,,,1600,12,False,0.6893518518518519,0.6363636363636364,1.3636363636363635,cleop,7.0,2,,,9,12,3,9,0,,1,1551/1600,22,0.0,0,24373,20337,383,811,0
58,de-dottori-aristodemo,ita000059,Dottori,0,Aristodemo,,,1657,12,False,0.6765873015873015,0.4545454545454545,1.6515151515151516,policare|coro,5.0,3,,1670.0,8,12,4,7,1,,1,1657,34,0.0,5,18682,18472,98,0,3113
61,dolce-marianna,ita000062,Dolce,0,Marianna,,,1565,15,False,0.7168294668294668,0.3333333333333333,1.6857142857142855,erode,4.666666666666667,3,,1565.0,13,17,5,11,1,,1,,23,0.0,5,23356,21966,66,0,3092
70,giraldi-cinzio-cleopatra,ita000071,Giraldi,0,Cleopatra,,,1542,18,False,0.5783148949815616,0.3594771241830065,1.6397058823529411,coro,6.111111111111111,3,,1583.0,12,18,4,14,0,,2,1542,35,0.0,5,22367,21247,16,0,3052
75,giraldi-cinzio-orbecche,ita000076,Giraldi,0,Orbecche,,,1541,15,False,0.5813756613756613,0.2761904761904762,1.5178571428571428,sulmone,3.8666666666666663,3,1541,1543.0,9,15,7,6,2,,4,1541,21,0.0,5,24851,23806,61,0,3290
99,marchese-l-ermenegildo,ita000100,Marchese,0,L'Ermenegildo,,,1729,9,False,0.8693121693121691,0.8055555555555556,1.1944444444444444,igonda|recaredo,6.444444444444445,2,,1729.0,8,9,1,7,6,,1,,36,0.0,5,21208,20944,79,0,2965
135,tasso-re-torrismondo,ita000136,Tasso,0,Re Torrismondo,,,1587,13,False,0.7917582417582417,0.3717948717948718,1.7307692307692308,torrismondo,4.461538461538462,3,1618,1587.0,9,13,5,7,1,,1,,34,0.0,5,25478,24763,68,0,3404
136,torelli-la-merope,ita000137,Torelli,0,La Merope,,,1589,8,False,1.0,1.0,1.0,several characters,7.0,1,,1589.0,7,8,3,5,0,,1,,1,0.0,1,19170,18597,10,0,2699
