,name,id,firstAuthor,numOfCoAuthors,title,subtitle,normalizedGenre,yearNormalized,size,libretto,averageClustering,density,averagePathLength,maxDegreeIds,averageDegree,diameter,yearPremiered,yearPrinted,maxDegree,numOfSpeakers,numOfSpeakersFemale,numOfSpeakersMale,numOfSpeakersUnknown,numPersonGroups,numConnectedComponents,yearWritten,numOfSegments,wikipediaLinkCount,numOfActs,wordCountText,wordCountSp,wordCountStage,numOfP,numOfL
50,cecchini-l-amico-tradito,ita000051,Cecchini,0,L'amico tradito,,,1633,12,False,0.7886904761904762,0.5909090909090909,1.290909090909091,several characters,6.5,2,,1633.0,9,12,3,9,0,,2,,66,0.0,3,13498,12645,656,635,0
53,da-ponte-cosi-fan-tutte,ita000054,Ponte,0,Così fan tutte,,,1790,9,False,0.9285714285714286,0.9166666666666666,1.0833333333333333,several characters,7.333333333333333,2,1790,,8,9,3,5,1,,1,1789/1790,34,0.0,2,10653,9986,1201,0,1970
55,da-ponte-le-nozze-di-figaro,ita000056,Ponte,0,Le nozze di Figaro,,,1786,14,False,0.8710832817975674,0.6923076923076923,1.3186813186813189,conte|susanna|figaro,9.0,3,1786,,12,14,6,7,2,,1,1785/1786,48,0.0,4,13038,11739,2360,0,2133
85,goldoni-la-sposa-persiana,ita000086,Goldoni,0,La sposa persiana,,,1753,9,False,0.8746031746031746,0.75,1.25,fatima|tamas,6.0,2,1753,,8,9,4,5,0,,1,1753,51,0.0,5,20129,16730,689,0,2110
96,manzoni-adelchi,ita000097,Manzoni,0,Adelchi,,,1822,36,False,0.8190477006653478,0.1761904761904762,2.425396825396825,adelchi,6.166666666666667,4,1843,1822.0,17,36,5,31,0,,1,1820/1821,39,0.0,5,16899,15606,493,0,2360
97,manzoni-il-conte-di-carmagnola,ita000098,Manzoni,0,Il conte di Carmagnola,,,1820,20,False,0.8226923076923077,0.2,2.1403508771929824,il_conte,3.8,4,1828,1820.0,13,20,2,17,1,,2,1816/1819,24,0.0,6,15547,15191,294,2,2192
121,monti-caio-gracco,ita000122,Monti,0,Caio Gracco,,,1802,14,False,0.8460111317254173,0.6483516483516484,1.3736263736263736,caio,8.428571428571429,3,1802,,12,14,2,11,1,,1,1788/1800,35,0.0,5,15292,14925,429,0,2394
