,name,id,firstAuthor,numOfCoAuthors,title,subtitle,normalizedGenre,yearNormalized,size,libretto,averageClustering,density,averagePathLength,maxDegreeIds,averageDegree,diameter,yearPremiered,yearPrinted,maxDegree,numOfSpeakers,numOfSpeakersFemale,numOfSpeakersMale,numOfSpeakersUnknown,numPersonGroups,numConnectedComponents,yearWritten,numOfSegments,wikipediaLinkCount,numOfActs,wordCountText,wordCountSp,wordCountStage,numOfP,numOfL
0,alamanni-tragedia-di-antigone,ita000001,Alamanni,0,Tragedia di Antigone,,,1527,10,False,1.0,1.0,1.0,several characters,9.0,1,,1527.0,9,10,3,7,0,,1,,1,0.0,1,12351,12177,0,0,1692
56,dal-carretto-comedia-de-timon-greco,ita000057,Carretto,0,Comedia de Timon greco,,,1497,11,False,0.4632034632034632,0.2363636363636363,1.9333333333333331,timon,2.363636363636364,3,,,7,11,0,9,2,,2,1497,16,0.0,5,7984,7589,263,0,1047
62,epicuro-la-cecaria,ita000063,Epicuro,0,La Cecaria,,,1525,6,False,0.9,0.8666666666666667,1.1333333333333333,terzo|vecchio|geloso,4.333333333333333,2,,1525.0,5,6,1,5,0,,1,,6,0.0,2,11814,11663,200,0,1647
63,epicuro-mirzia,ita000064,Epicuro,0,Mirzia,,,1528,8,False,0.7714285714285715,0.6785714285714286,1.3214285714285714,mirzia,4.75,2,,1528.0,7,8,4,4,0,,1,,21,0.0,3,13172,12180,194,0,1594
128,speroni-canace,ita000129,Speroni,0,Canace,,,1546,11,False,0.206060606060606,0.2909090909090909,1.8888888888888888,famiglio,2.909090909090909,4,,1546.0,6,11,3,6,2,,2,,29,0.0,0,10597,10437,60,0,2070
130,tasso-aminta-ms-1197,ita000131,Tasso,0,Aminta (ms. 1197),,,1577,11,False,0.6136363636363636,0.3454545454545454,1.4722222222222223,choro,3.4545454545454546,2,,,8,11,3,7,1,,3,1577,11,,5,13696,13563,52,0,2026
131,tasso-aminta-ms-campori-491,ita000132,Tasso,0,Aminta (ms. Campori 491),,,1579,10,False,0.5776190476190476,0.3777777777777777,1.3928571428571428,coro,3.4,2,,,7,10,3,6,1,,3,1579,11,,5,13538,13478,28,0,2029
132,tasso-aminta,ita000133,Tasso,0,Aminta,,,1573,10,False,0.5747619047619048,0.3333333333333333,1.4642857142857142,coro,3.0,2,1573,1580.0,7,10,3,6,1,,3,,11,0.0,5,14066,13965,30,0,2091
138,visconti-pasitea,ita000139,Visconti,0,Pasitea,,,1498,12,False,0.5361111111111111,0.2575757575757575,2.3181818181818183,crisalo|dioneo,2.833333333333333,4,,,5,12,3,9,0,,1,1495/1498,25,0.0,0,9117,8447,84,0,1137
