,name,id,firstAuthor,numOfCoAuthors,title,subtitle,normalizedGenre,yearNormalized,size,libretto,averageClustering,density,averagePathLength,maxDegreeIds,averageDegree,diameter,yearPremiered,yearPrinted,maxDegree,numOfSpeakers,numOfSpeakersFemale,numOfSpeakersMale,numOfSpeakersUnknown,numPersonGroups,numConnectedComponents,yearWritten,numOfSegments,wikipediaLinkCount,numOfActs,wordCountText,wordCountSp,wordCountStage,numOfP,numOfL
58,de-dottori-aristodemo,ita000059,Dottori,0,Aristodemo,,,1657,12,False,0.6765873015873015,0.4545454545454545,1.6515151515151516,policare|coro,5.0,3,,1670.0,8,12,4,7,1,,1,1657,34,0.0,5,18682,18472,98,0,3113
60,della-valle-la-reina-di-scozia,ita000061,Valle,0,La reina di Scozia,,,1591,11,False,0.8483405483405484,0.5454545454545454,1.4545454545454546,coro,5.454545454545454,2,,1628.0,10,12,3,8,1,,1,1591,14,0.0,5,15723,15585,65,0,2556
95,maffei-merope,ita000096,Maffei,0,Merope,,,1713,7,False,0.8857142857142858,0.8095238095238095,1.1904761904761905,egisto|merope|ismene,4.857142857142857,2,1713,1714.0,6,7,2,5,0,,1,1713,31,0.0,5,15482,15301,127,0,2188
100,martelli-tullia,ita000101,Martelli,0,Tullia,,,1533,11,False,0.9515151515151516,0.9272727272727272,1.0727272727272728,several characters,9.272727272727272,2,,1533.0,10,11,5,5,1,,1,,5,0.0,0,16989,16414,0,0,2342
135,tasso-re-torrismondo,ita000136,Tasso,0,Re Torrismondo,,,1587,13,False,0.7917582417582417,0.3717948717948718,1.7307692307692308,torrismondo,4.461538461538462,3,1618,1587.0,9,13,5,7,1,,1,,34,0.0,5,25478,24763,68,0,3404
136,torelli-la-merope,ita000137,Torelli,0,La Merope,,,1589,8,False,1.0,1.0,1.0,several characters,7.0,1,,1589.0,7,8,3,5,0,,1,,1,0.0,1,19170,18597,10,0,2699
137,trissino-sofonisba,ita000138,Trissino,0,Sofonisba,,,1524,11,False,0.6535353535353535,0.4181818181818181,1.5818181818181818,coro,4.181818181818182,2,1554,1524.0,10,11,4,7,0,,1,1514/1515,15,0.0,5,14582,14453,61,0,2102
