,name,id,firstAuthor,numOfCoAuthors,title,subtitle,normalizedGenre,yearNormalized,size,libretto,averageClustering,density,averagePathLength,maxDegreeIds,averageDegree,diameter,yearPremiered,yearPrinted,maxDegree,numOfSpeakers,numOfSpeakersFemale,numOfSpeakersMale,numOfSpeakersUnknown,numPersonGroups,numConnectedComponents,yearWritten,numOfSegments,wikipediaLinkCount,numOfActs,wordCountText,wordCountSp,wordCountStage,numOfP,numOfL
40,ariosto-la-lena,ita000041,Ariosto,0,La Lena,,,1528,18,False,0.7965367965367965,0.3006535947712418,1.9019607843137252,corbolo,5.111111111111111,3,1528,,11,18,2,16,0,,1,,36,0.0,5,14006,13212,92,0,2042
46,boiardo-timone,ita000047,Boiardo,0,Timone,,,1487,14,False,0.8528138528138528,0.3296703296703296,1.6153846153846154,timone,4.285714285714286,2,,,12,14,0,10,4,,2,1487,7,0.0,5,14240,13681,548,0,1905
65,foscolo-ajace,ita000066,Foscolo,0,Ajace,,,1811,8,False,0.6958333333333333,0.6428571428571429,1.4642857142857142,aiace|agamennone,4.5,3,1811,1828.0,6,8,1,7,0,,1,1810/1811,36,0.0,5,14452,14151,258,0,2066
78,goldoni-il-campiello,ita000079,Goldoni,0,Il campiello,,,1756,11,False,0.981818181818182,0.9818181818181818,1.018181818181818,several characters,9.818181818181818,2,1756,,10,11,6,5,0,,1,1756,61,0.0,5,15815,12839,1381,12,2358
126,salfi-pausania,ita000127,Salfi,0,Pausania,,,1800,6,False,0.8222222222222221,0.7333333333333333,1.2666666666666666,pausania,3.6666666666666665,2,,1800.0,5,6,2,4,0,,1,,29,0.0,5,16750,12266,129,2,1813
130,tasso-aminta-ms-1197,ita000131,Tasso,0,Aminta (ms. 1197),,,1577,11,False,0.6136363636363636,0.3454545454545454,1.4722222222222223,choro,3.4545454545454546,2,,,8,11,3,7,1,,3,1577,11,,5,13696,13563,52,0,2026
131,tasso-aminta-ms-campori-491,ita000132,Tasso,0,Aminta (ms. Campori 491),,,1579,10,False,0.5776190476190476,0.3777777777777777,1.3928571428571428,coro,3.4,2,,,7,10,3,6,1,,3,1579,11,,5,13538,13478,28,0,2029
132,tasso-aminta,ita000133,Tasso,0,Aminta,,,1573,10,False,0.5747619047619048,0.3333333333333333,1.4642857142857142,coro,3.0,2,1573,1580.0,7,10,3,6,1,,3,,11,0.0,5,14066,13965,30,0,2091
137,trissino-sofonisba,ita000138,Trissino,0,Sofonisba,,,1524,11,False,0.6535353535353535,0.4181818181818181,1.5818181818181818,coro,4.181818181818182,2,1554,1524.0,10,11,4,7,0,,1,1514/1515,15,0.0,5,14582,14453,61,0,2102
