,name,id,firstAuthor,numOfCoAuthors,title,subtitle,normalizedGenre,yearNormalized,size,libretto,averageClustering,density,averagePathLength,maxDegreeIds,averageDegree,diameter,yearPremiered,yearPrinted,maxDegree,numOfSpeakers,numOfSpeakersFemale,numOfSpeakersMale,numOfSpeakersUnknown,numPersonGroups,numConnectedComponents,yearWritten,numOfSegments,wikipediaLinkCount,numOfActs,wordCountText,wordCountSp,wordCountStage,numOfP,numOfL
28,anonimo-la-rappresentazione-di-san-bernardo,ita000029,(Anonimo),0,La rappresentazione di San Bernardo d'uno Signore facea rubare le strade,,,1500,15,False,1.0,1.0,1.0,several characters,14.0,1,,,14,15,1,12,2,,1,1451/1500,1,0.0,0,3926,3572,280,0,520
46,boiardo-timone,ita000047,Boiardo,0,Timone,,,1487,14,False,0.8528138528138528,0.3296703296703296,1.6153846153846154,timone,4.285714285714286,2,,,12,14,0,10,4,,2,1487,7,0.0,5,14240,13681,548,0,1905
47,cammelli-panfila,ita000048,Cammelli,0,Panfila,,,1508,15,False,0.2244444444444444,0.1333333333333333,1.8974358974358971,demetrio|panfila,1.8666666666666667,4,,1508.0,5,15,6,6,3,,5,1499,31,0.0,5,11877,11326,74,1,1581
50,cecchini-l-amico-tradito,ita000051,Cecchini,0,L'amico tradito,,,1633,12,False,0.7886904761904762,0.5909090909090909,1.290909090909091,several characters,6.5,2,,1633.0,9,12,3,9,0,,2,,66,0.0,3,13498,12645,656,635,0
64,fiorillo-la-lucilla-costante,ita000065,Fiorillo,0,La Lucilla costante,,,1609,12,False,1.0,1.0,1.0,several characters,11.0,1,1632,,11,12,3,9,0,,1,1609,79,0.0,5,37640,36152,419,1477,70
72,giraldi-cinzio-egle-ms-classe-i-331,ita000073,Giraldi,0,"Egle, ms. Classe I 331",,,1545,17,False,0.8735697309226722,0.4779411764705882,1.5220588235294117,egle,7.647058823529412,2,,,16,17,8,9,0,,1,1543/1545,22,,5,19970,19582,75,0,2818
75,giraldi-cinzio-orbecche,ita000076,Giraldi,0,Orbecche,,,1541,15,False,0.5813756613756613,0.2761904761904762,1.5178571428571428,sulmone,3.8666666666666663,3,1541,1543.0,9,15,7,6,2,,4,1541,21,0.0,5,24851,23806,61,0,3290
95,maffei-merope,ita000096,Maffei,0,Merope,,,1713,7,False,0.8857142857142858,0.8095238095238095,1.1904761904761905,egisto|merope|ismene,4.857142857142857,2,1713,1714.0,6,7,2,5,0,,1,1713,31,0.0,5,15482,15301,127,0,2188
125,rucellai-rosmunda,ita000126,Rucellai,0,Rosmunda,,,1515,9,False,0.8661375661375662,0.7222222222222222,1.2777777777777777,coro|rosmunda|nutrice,5.777777777777778,2,1515,1525.0,8,9,3,5,1,,1,,5,0.0,0,8520,8470,26,0,1237
