,name,id,firstAuthor,numOfCoAuthors,title,subtitle,normalizedGenre,yearNormalized,size,libretto,averageClustering,density,averagePathLength,maxDegreeIds,averageDegree,diameter,yearPremiered,yearPrinted,maxDegree,numOfSpeakers,numOfSpeakersFemale,numOfSpeakersMale,numOfSpeakersUnknown,numPersonGroups,numConnectedComponents,yearWritten,numOfSegments,wikipediaLinkCount,numOfActs,wordCountText,wordCountSp,wordCountStage,numOfP,numOfL
65,foscolo-ajace,ita000066,Foscolo,0,Ajace,,,1811,8,False,0.6958333333333333,0.6428571428571429,1.4642857142857142,aiace|agamennone,4.5,3,1811,1828.0,6,8,1,7,0,,1,1810/1811,36,0.0,5,14452,14151,258,0,2066
98,marchese-il-crispo,ita000099,Marchese,0,Il Crispo,,,1715,9,False,0.6111111111111112,0.5,1.3571428571428572,costantino,4.0,2,,1715.0,6,9,2,6,1,,2,,44,0.0,5,17597,17283,106,0,2333
99,marchese-l-ermenegildo,ita000100,Marchese,0,L'Ermenegildo,,,1729,9,False,0.8693121693121691,0.8055555555555556,1.1944444444444444,igonda|recaredo,6.444444444444445,2,,1729.0,8,9,1,7,6,,1,,36,0.0,5,21208,20944,79,0,2965
105,metastasio-demetrio,ita000106,Metastasio,0,Demetrio,,,1731,7,False,0.9523809523809524,0.9523809523809524,1.0476190476190477,several characters,5.714285714285714,2,1731,,6,7,2,4,1,,1,,45,0.0,3,11808,10798,640,0,1956
121,monti-caio-gracco,ita000122,Monti,0,Caio Gracco,,,1802,14,False,0.8460111317254173,0.6483516483516484,1.3736263736263736,caio,8.428571428571429,3,1802,,12,14,2,11,1,,1,1788/1800,35,0.0,5,15292,14925,429,0,2394
123,pagano-gli-esuli-tebani,ita000124,Pagano,0,Gli esuli tebani,,,1782,11,False,0.7670995670995672,0.5636363636363636,1.4363636363636365,carone,5.636363636363637,2,,1782.0,10,11,2,8,1,,1,,34,0.0,5,10693,9842,256,1,1491
128,speroni-canace,ita000129,Speroni,0,Canace,,,1546,11,False,0.206060606060606,0.2909090909090909,1.8888888888888888,famiglio,2.909090909090909,4,,1546.0,6,11,3,6,2,,2,,29,0.0,0,10597,10437,60,0,2070
