,name,id,firstAuthor,numOfCoAuthors,title,subtitle,normalizedGenre,yearNormalized,size,libretto,averageClustering,density,averagePathLength,maxDegreeIds,averageDegree,diameter,yearPremiered,yearPrinted,maxDegree,numOfSpeakers,numOfSpeakersFemale,numOfSpeakersMale,numOfSpeakersUnknown,numPersonGroups,numConnectedComponents,yearWritten,numOfSegments,wikipediaLinkCount,numOfActs,wordCountText,wordCountSp,wordCountStage,numOfP,numOfL
48,carmignani-polissena,ita000049,Carmignani,0,Polissena,,,1789,6,False,0.8388888888888889,0.7333333333333333,1.2666666666666666,arsindo|polissena,3.6666666666666665,2,,1789.0,5,6,2,4,0,,1,,30,0.0,5,17070,14566,1401,0,2179
53,da-ponte-cosi-fan-tutte,ita000054,Ponte,0,Così fan tutte,,,1790,9,False,0.9285714285714286,0.9166666666666666,1.0833333333333333,several characters,7.333333333333333,2,1790,,8,9,3,5,1,,1,1789/1790,34,0.0,2,10653,9986,1201,0,1970
55,da-ponte-le-nozze-di-figaro,ita000056,Ponte,0,Le nozze di Figaro,,,1786,14,False,0.8710832817975674,0.6923076923076923,1.3186813186813189,conte|susanna|figaro,9.0,3,1786,,12,14,6,7,2,,1,1785/1786,48,0.0,4,13038,11739,2360,0,2133
58,de-dottori-aristodemo,ita000059,Dottori,0,Aristodemo,,,1657,12,False,0.6765873015873015,0.4545454545454545,1.6515151515151516,policare|coro,5.0,3,,1670.0,8,12,4,7,1,,1,1657,34,0.0,5,18682,18472,98,0,3113
85,goldoni-la-sposa-persiana,ita000086,Goldoni,0,La sposa persiana,,,1753,9,False,0.8746031746031746,0.75,1.25,fatima|tamas,6.0,2,1753,,8,9,4,5,0,,1,1753,51,0.0,5,20129,16730,689,0,2110
95,maffei-merope,ita000096,Maffei,0,Merope,,,1713,7,False,0.8857142857142858,0.8095238095238095,1.1904761904761905,egisto|merope|ismene,4.857142857142857,2,1713,1714.0,6,7,2,5,0,,1,1713,31,0.0,5,15482,15301,127,0,2188
96,manzoni-adelchi,ita000097,Manzoni,0,Adelchi,,,1822,36,False,0.8190477006653478,0.1761904761904762,2.425396825396825,adelchi,6.166666666666667,4,1843,1822.0,17,36,5,31,0,,1,1820/1821,39,0.0,5,16899,15606,493,0,2360
97,manzoni-il-conte-di-carmagnola,ita000098,Manzoni,0,Il conte di Carmagnola,,,1820,20,False,0.8226923076923077,0.2,2.1403508771929824,il_conte,3.8,4,1828,1820.0,13,20,2,17,1,,2,1816/1819,24,0.0,6,15547,15191,294,2,2192
121,monti-caio-gracco,ita000122,Monti,0,Caio Gracco,,,1802,14,False,0.8460111317254173,0.6483516483516484,1.3736263736263736,caio,8.428571428571429,3,1802,,12,14,2,11,1,,1,1788/1800,35,0.0,5,15292,14925,429,0,2394
