,name,id,firstAuthor,numOfCoAuthors,title,subtitle,normalizedGenre,yearNormalized,size,libretto,averageClustering,density,averagePathLength,maxDegreeIds,averageDegree,diameter,yearPremiered,yearPrinted,maxDegree,numOfSpeakers,numOfSpeakersFemale,numOfSpeakersMale,numOfSpeakersUnknown,numPersonGroups,numConnectedComponents,yearWritten,numOfSegments,wikipediaLinkCount,numOfActs,wordCountText,wordCountSp,wordCountStage,numOfP,numOfL
0,alamanni-tragedia-di-antigone,ita000001,Alamanni,0,Tragedia di Antigone,,,1527,10,False,1.0,1.0,1.0,several characters,9.0,1,,1527.0,9,10,3,7,0,,1,,1,0.0,1,12351,12177,0,0,1692
60,della-valle-la-reina-di-scozia,ita000061,Valle,0,La reina di Scozia,,,1591,11,False,0.8483405483405484,0.5454545454545454,1.4545454545454546,coro,5.454545454545454,2,,1628.0,10,12,3,8,1,,1,1591,14,0.0,5,15723,15585,65,0,2556
62,epicuro-la-cecaria,ita000063,Epicuro,0,La Cecaria,,,1525,6,False,0.9,0.8666666666666667,1.1333333333333333,terzo|vecchio|geloso,4.333333333333333,2,,1525.0,5,6,1,5,0,,1,,6,0.0,2,11814,11663,200,0,1647
63,epicuro-mirzia,ita000064,Epicuro,0,Mirzia,,,1528,8,False,0.7714285714285715,0.6785714285714286,1.3214285714285714,mirzia,4.75,2,,1528.0,7,8,4,4,0,,1,,21,0.0,3,13172,12180,194,0,1594
128,speroni-canace,ita000129,Speroni,0,Canace,,,1546,11,False,0.206060606060606,0.2909090909090909,1.8888888888888888,famiglio,2.909090909090909,4,,1546.0,6,11,3,6,2,,2,,29,0.0,0,10597,10437,60,0,2070
130,tasso-aminta-ms-1197,ita000131,Tasso,0,Aminta (ms. 1197),,,1577,11,False,0.6136363636363636,0.3454545454545454,1.4722222222222223,choro,3.4545454545454546,2,,,8,11,3,7,1,,3,1577,11,,5,13696,13563,52,0,2026
131,tasso-aminta-ms-campori-491,ita000132,Tasso,0,Aminta (ms. Campori 491),,,1579,10,False,0.5776190476190476,0.3777777777777777,1.3928571428571428,coro,3.4,2,,,7,10,3,6,1,,3,1579,11,,5,13538,13478,28,0,2029
132,tasso-aminta,ita000133,Tasso,0,Aminta,,,1573,10,False,0.5747619047619048,0.3333333333333333,1.4642857142857142,coro,3.0,2,1573,1580.0,7,10,3,6,1,,3,,11,0.0,5,14066,13965,30,0,2091
136,torelli-la-merope,ita000137,Torelli,0,La Merope,,,1589,8,False,1.0,1.0,1.0,several characters,7.0,1,,1589.0,7,8,3,5,0,,1,,1,0.0,1,19170,18597,10,0,2699
