,name,id,firstAuthor,numOfCoAuthors,title,subtitle,normalizedGenre,yearNormalized,size,libretto,averageClustering,density,averagePathLength,maxDegreeIds,averageDegree,diameter,yearPremiered,yearPrinted,maxDegree,numOfSpeakers,numOfSpeakersFemale,numOfSpeakersMale,numOfSpeakersUnknown,numPersonGroups,numConnectedComponents,yearWritten,numOfSegments,wikipediaLinkCount,numOfActs,wordCountText,wordCountSp,wordCountStage,numOfP,numOfL
34,ariosto-cassaria,ita000035,Ariosto,0,Cassaria,,,1508,20,False,0.7067460317460317,0.2684210526315789,2.0526315789473686,trap,5.1,4,1508,,10,20,2,18,0,,1,,30,0.0,5,17125,16610,113,755,0
36,ariosto-i-suppositi-red-in-versi,ita000037,Ariosto,0,I Suppositi (red. in versi),,,1529,17,False,0.6060860707919531,0.3235294117647059,1.660377358490566,erostrato,5.176470588235294,3,,,12,17,3,14,0,,2,1529,34,,5,16623,16060,115,0,2532
37,ariosto-i-suppositi,ita000038,Ariosto,0,I suppositi,,,1508,17,False,0.6082930141753671,0.3529411764705882,1.5754716981132075,erost,5.647058823529412,3,1508,,12,17,3,14,0,,2,,28,0.0,5,16579,15951,114,721,0
38,ariosto-il-negromante,ita000039,Ariosto,0,Il Negromante,,,1529,14,False,0.5010204081632653,0.3296703296703296,1.4042553191489362,temolo|nibbio,4.285714285714286,3,1528/1529,1535.0,8,14,4,10,0,,3,1509/1528,25,0.0,5,16492,15833,70,0,2502
74,giraldi-cinzio-gli-eudemoni,ita000075,Giraldi,0,Gli Eudemoni,,,1549,15,False,0.6785040885040885,0.4571428571428571,1.6476190476190475,nastagio,6.4,3,,,11,15,3,12,0,,1,1549,30,0.0,5,13909,12762,124,0,1986
80,goldoni-il-teatro-comico,ita000081,Goldoni,0,Il teatro comico,,,1750,13,False,0.8847430347430348,0.7948717948717948,1.205128205128205,several characters,9.538461538461538,2,1750,,12,13,4,9,0,,1,1750,37,0.0,3,17975,16051,446,917,30
